serial_id,profile_id,algorithm_id
1,pro_FqwmmHzLzeNkYdmkmCdU,routing_GQCibwphHWDuwUmgGkrp
2,pro_FqwmmHzLzeNkYdmkmCdU,routing_WsmZwo3fatZ4aemfx5L1
3,pro_FqwmmHzLzeNkYdmkmCdU,routing_xKLf1lnwsCs1fDKHx3SE
4,pro_H9MfYmry70zneI3rNSpY,routing_4E9iHaXh0H3g9g3SahHE
5,pro_H9MfYmry70zneI3rNSpY,routing_CPFOx0eEhf0bRo7UJbil
6,pro_H9MfYmry70zneI3rNSpY,routing_DP34ccmIPFkOJCaNV83D
7,pro_H9MfYmry70zneI3rNSpY,routing_WSRimXdmq2RGz3gk7fiG
8,pro_H9MfYmry70zneI3rNSpY,routing_YGe9TpfKpUjSZW3ZsRf6
9,pro_H9MfYmry70zneI3rNSpY,routing_cymvWV6Xs8vKflT281oh
10,pro_H9MfYmry70zneI3rNSpY,routing_lBuBrOqm4mXXWNHvPyjA
11,pro_H9MfYmry70zneI3rNSpY,routing_nOygq03qYyeZlAkGJWI9
12,pro_H9MfYmry70zneI3rNSpY,routing_xe8YSlZ1r62FW1Yru91X
13,pro_Mh4yjQPSq6P2BwaPKnmn,routing_Hpx1oW0dQj0cFpoEhRiP
14,pro_Mh4yjQPSq6P2BwaPKnmn,routing_KxcxauiW3l1VRNSxgY3e
15,pro_Mh4yjQPSq6P2BwaPKnmn,routing_polpjW6oZi1JzIvsxYLo
16,pro_Mh4yjQPSq6P2BwaPKnmn,routing_zrYoM7SPqQJs2Ckh7vTr
17,pro_aVtNowl7cL3K47Ov3BNE,routing_ZE62pSZxj8EIAoa2mguE
18,pro_aVtNowl7cL3K47Ov3BNE,routing_h3uFKMsyvsr86vDOVnIG
19,pro_aVtNowl7cL3K47Ov3BNE,routing_hpdSPSr7xMCcESrbIVoI
20,pro_aVtNowl7cL3K47Ov3BNE,routing_icJEEDXw9N3UTyHYZoAg
21,pro_tFsXC0NdOJJbWqHINJnm,routing_XY0WaKfx4u95yvzAdEi4
22,pro_tFsXC0NdOJJbWqHINJnm,routing_dptFG6EkCCoMvJ8q7fzU
23,pro_tFsXC0NdOJJbWqHINJnm,routing_y63m95sjT4Ach2bVbJIx
24,pro_xgIyfrghsgNA2HoclnZg,routing_8bPBzthxUU4jbHQbMIhp
25,pro_xgIyfrghsgNA2HoclnZg,routing_BM91DK9vsT5wpHmTvIeb
26,pro_xgIyfrghsgNA2HoclnZg,routing_LyOLe2J06pUGxgFOa5Rz
27,pro_xgIyfrghsgNA2HoclnZg,routing_OE6RwpzJzqQVpj95Uwwq
28,pro_xgIyfrghsgNA2HoclnZg,routing_Sfbeg8o8SF7m6lbpunF0
29,pro_xgIyfrghsgNA2HoclnZg,routing_m7wKfJGjAP8iM4vMZ8WV
